epoch,loss,rank1,rank5,rank10,mAP
1,0.33708017468452456,0.47804878048780486,0.7,0.7926829268292683,0.247641912606968
2,0.3194520175457001,0.6024390243902439,0.802439024390244,0.8609756097560975,0.32449507241880293
3,0.3160241305828094,0.6341463414634146,0.8195121951219512,0.8926829268292683,0.38547153428559205
4,0.3150880992412567,0.6731707317073171,0.8536585365853658,0.9073170731707317,0.4329905426951948
5,0.31117854118347166,0.7097560975609756,0.8585365853658536,0.9024390243902439,0.4588187049399971
6,0.3090966820716858,0.7048780487804878,0.875609756097561,0.926829268292683,0.4899939204952426
7,0.3069313406944275,0.7048780487804878,0.8951219512195122,0.9365853658536586,0.5013433178501479
8,0.30359514355659484,0.7170731707317073,0.8853658536585366,0.9365853658536586,0.5056715186136654
9,0.30340840220451354,0.7097560975609756,0.875609756097561,0.9317073170731708,0.523551684816881
10,0.30045977234840393,0.7170731707317073,0.8878048780487805,0.9317073170731708,0.5352659561134332
11,0.29695537090301516,0.7268292682926829,0.8829268292682927,0.9390243902439024,0.5481350060811766
12,0.29174329042434693,0.7097560975609756,0.8829268292682927,0.948780487804878,0.5551580376172822
13,0.2879355788230896,0.7097560975609756,0.875609756097561,0.9341463414634147,0.556341167546875
14,0.27987436652183534,0.7024390243902439,0.8731707317073171,0.9317073170731708,0.5465855911659369
15,0.279821640253067,0.6951219512195121,0.8804878048780488,0.9390243902439024,0.5379857574628367
16,0.285467392206192,0.7048780487804878,0.875609756097561,0.9243902439024391,0.5282139105414401
17,0.240079465508461,0.6658536585365854,0.8707317073170732,0.9170731707317074,0.5414518463929511
18,0.29766894578933717,0.6951219512195121,0.875609756097561,0.9195121951219513,0.5286911321754213
19,0.2836395472288132,0.7146341463414634,0.8707317073170732,0.9341463414634147,0.5278613200987587
20,0.2903144121170044,0.7097560975609756,0.8634146341463415,0.9243902439024391,0.5270313303648263
21,0.28129894733428956,0.6804878048780488,0.8536585365853658,0.9243902439024391,0.5272419333822497
22,0.2673736780881882,0.6853658536585366,0.8707317073170732,0.9219512195121952,0.5336797296382421
23,0.27212007343769073,0.7146341463414634,0.8804878048780488,0.9341463414634147,0.5624735969777901
24,0.2478356331586838,0.7463414634146341,0.8878048780487805,0.948780487804878,0.5694149843299127
25,0.24530557692050933,0.7414634146341463,0.8829268292682927,0.9390243902439024,0.5694480289989111
26,0.26179330945014956,0.7268292682926829,0.8707317073170732,0.9317073170731708,0.5678348784915442
27,0.2537856549024582,0.7219512195121951,0.8634146341463415,0.9292682926829269,0.5741213589826383
28,0.2239742398262024,0.7121951219512195,0.8658536585365854,0.9292682926829269,0.577714284033529
29,0.21812548935413362,0.7292682926829268,0.8780487804878049,0.9341463414634147,0.5795421519878198
30,0.2130658209323883,0.7170731707317073,0.8829268292682927,0.926829268292683,0.5944483263368544
31,0.1863456577062607,0.6902439024390243,0.8658536585365854,0.9243902439024391,0.5696016249549254
32,0.2293572098016739,0.7170731707317073,0.8658536585365854,0.9341463414634147,0.5941182547674457
33,0.2602745682001114,0.724390243902439,0.9048780487804878,0.9634146341463414,0.6101098067430663
34,0.24958457946777343,0.7439024390243902,0.9243902439024391,0.9707317073170731,0.6111001524901952
35,0.22981179654598236,0.751219512195122,0.9121951219512195,0.9585365853658536,0.6161063441532577
36,0.19919319748878478,0.7317073170731707,0.9024390243902439,0.9463414634146341,0.6168129290051793
37,0.23317175805568696,0.748780487804878,0.8829268292682927,0.9414634146341463,0.6217318334931913
38,0.18754241913557052,0.7195121951219512,0.9,0.9463414634146341,0.5941441913335145
39,0.19619028270244598,0.7,0.8682926829268293,0.926829268292683,0.5792518997117139
40,0.2320273607969284,0.6902439024390243,0.8707317073170732,0.9341463414634147,0.5598854519278169
41,0.22697704434394836,0.7097560975609756,0.8829268292682927,0.9317073170731708,0.5879646524941343
42,0.2317583069205284,0.7439024390243902,0.8975609756097561,0.926829268292683,0.6033614335439347
43,0.20973268449306487,0.7658536585365854,0.9024390243902439,0.9341463414634147,0.6168098408605531
44,0.16552803218364714,0.748780487804878,0.9024390243902439,0.9536585365853658,0.6391719590783513
45,0.1748638242483139,0.7317073170731707,0.8926829268292683,0.9365853658536586,0.6077486735508916
46,0.19723277390003205,0.7365853658536585,0.9024390243902439,0.9414634146341463,0.6235815590482171
47,0.2373192399740219,0.7609756097560976,0.9097560975609756,0.9560975609756097,0.6416752950588536
48,0.2316150665283203,0.7439024390243902,0.9121951219512195,0.9463414634146341,0.6400224472911838
49,0.2399859458208084,0.7536585365853659,0.9073170731707317,0.9463414634146341,0.637182673150086
50,0.21620615124702453,0.7536585365853659,0.9,0.9439024390243902,0.6490386036675766
51,0.19234213083982468,0.7536585365853659,0.8926829268292683,0.9463414634146341,0.6536323588307988
52,0.21624790132045746,0.775609756097561,0.8975609756097561,0.9463414634146341,0.6455704140307941
53,0.19975149035453796,0.7536585365853659,0.8829268292682927,0.9463414634146341,0.6256133753199172
54,0.19253576993942262,0.7390243902439024,0.8975609756097561,0.9365853658536586,0.622293950519216
55,0.16023963019251825,0.7317073170731707,0.8975609756097561,0.9365853658536586,0.6162159595175131
56,0.18991343602538108,0.7463414634146341,0.8878048780487805,0.9390243902439024,0.5974529234823682
57,0.21254340410232545,0.7414634146341463,0.9,0.9414634146341463,0.628691373159026
58,0.21746375113725663,0.7658536585365854,0.8975609756097561,0.9439024390243902,0.6565533948940474
59,0.1848964124917984,0.7707317073170732,0.9073170731707317,0.9512195121951219,0.6566354172163705
60,0.1494763135910034,0.7780487804878049,0.9097560975609756,0.9560975609756097,0.6479952711597038
61,0.1805684745311737,0.7731707317073171,0.9024390243902439,0.9512195121951219,0.6704637813009605
62,0.16696987003087999,0.7609756097560976,0.8926829268292683,0.9365853658536586,0.6561993860237546
63,0.14593176692724227,0.7609756097560976,0.8951219512195122,0.9439024390243902,0.6592664124482784
64,0.14383695870637894,0.7658536585365854,0.9024390243902439,0.9536585365853658,0.6559856020873551
65,0.1747140556573868,0.7585365853658537,0.9048780487804878,0.9414634146341463,0.644046150833446
66,0.14694146066904068,0.751219512195122,0.9073170731707317,0.948780487804878,0.6404837166969933
67,0.14848972912877798,0.7341463414634146,0.9,0.9439024390243902,0.6415714093870117
68,0.13558654934167863,0.748780487804878,0.9024390243902439,0.948780487804878,0.6390538821588765
69,0.16175104528665543,0.7658536585365854,0.8975609756097561,0.9365853658536586,0.6455566942550995
70,0.19569282457232476,0.7780487804878049,0.9121951219512195,0.9609756097560975,0.6637634533229313
71,0.14608203619718552,0.7731707317073171,0.9097560975609756,0.948780487804878,0.6636641128774293
72,0.14670170545578004,0.7560975609756098,0.8804878048780488,0.9463414634146341,0.6534659863242508
73,0.14809114933013917,0.751219512195122,0.8853658536585366,0.9463414634146341,0.6473537177603511
74,0.15522527694702148,0.775609756097561,0.9048780487804878,0.9536585365853658,0.6694343396696508
75,0.21267129778861998,0.7804878048780488,0.9121951219512195,0.9439024390243902,0.6674043087838116
76,0.18711586929857732,0.7951219512195122,0.9146341463414634,0.9536585365853658,0.6649353405287526
77,0.18433188199996947,0.7536585365853659,0.9024390243902439,0.9414634146341463,0.6449947582117576
78,0.16149575412273406,0.7365853658536585,0.9048780487804878,0.9414634146341463,0.6346348379539456
79,0.1478860557079315,0.7414634146341463,0.8902439024390244,0.9317073170731708,0.6392714348132925
80,0.16325416788458824,0.7829268292682927,0.9121951219512195,0.9682926829268292,0.6639034809150374
81,0.13996992409229278,0.7707317073170732,0.9146341463414634,0.9707317073170731,0.6701493111615312
82,0.2032211348414421,0.8,0.8975609756097561,0.9512195121951219,0.682203179114043
83,0.15819510370492934,0.7878048780487805,0.926829268292683,0.9682926829268292,0.6915159266541102
84,0.18640981018543243,0.7853658536585366,0.926829268292683,0.9707317073170731,0.6728176525965767
85,0.14246505573391915,0.7707317073170732,0.9073170731707317,0.9463414634146341,0.6552610930058719
86,0.15327659547328948,0.775609756097561,0.9024390243902439,0.9439024390243902,0.6571166872180363
87,0.1416120246052742,0.7682926829268293,0.9097560975609756,0.9414634146341463,0.6555595552243308
88,0.1151868149638176,0.7365853658536585,0.9048780487804878,0.9463414634146341,0.6301159999975666
89,0.17984048426151275,0.7365853658536585,0.9,0.9414634146341463,0.615954696852803
90,0.22034961581230164,0.7731707317073171,0.9,0.9512195121951219,0.6437129624755576
91,0.13247521072626114,0.7902439024390244,0.9243902439024391,0.9585365853658536,0.6677013886912597
92,0.15850509256124495,0.7731707317073171,0.9146341463414634,0.9536585365853658,0.6754469378607497
93,0.13550489842891694,0.7707317073170732,0.9048780487804878,0.9536585365853658,0.6778545907464592
94,0.13857844471931458,0.7804878048780488,0.8951219512195122,0.9512195121951219,0.6833309836917512
95,0.17720661759376527,0.7682926829268293,0.8975609756097561,0.9560975609756097,0.6762701306760258
96,0.1683468222618103,0.7878048780487805,0.8951219512195122,0.9390243902439024,0.676065272794948
97,0.1612327702343464,0.7926829268292683,0.9243902439024391,0.9536585365853658,0.6913795450992448
98,0.14221752136945726,0.7780487804878049,0.9219512195121952,0.9585365853658536,0.6933060169317589
99,0.1724812537431717,0.7926829268292683,0.9,0.9512195121951219,0.6778857390216654
100,0.11963701993227005,0.7902439024390244,0.9146341463414634,0.9585365853658536,0.6906788130653055
